timestep,node,type
0,195657825,people
0,14670871,people
0,81247262,people
0,225795116,people
0,194923584,people
0,193256517,people
0,182873170,people
0,22535251,people
0,198233173,people
0,204655705,people
0,205233254,people
0,228998249,people
0,14486634,people
0,104160362,people
0,231320697,people
0,134601852,people
0,206261374,people
0,208813186,people
0,220028036,people
0,146791582,people
0,128674982,people
0,14687401,people
0,183528621,people
0,7670958,people
0,192867505,people
0,198548663,people
0,192404675,people
0,202566856,people
0,15359191,people
0,197901531,people
0,209775846,people
0,232746220,people
0,6515953,people
0,192863475,people
0,8813813,people
0,200043768,people
0,156626172,people
0,83381502,people
0,53566722,people
0,8346884,people
0,60857612,people
0,206843171,people
0,206400804,people
0,228125989,people
0,206900520,people
0,163802412,people
0,206286130,people
0,223333685,people
0,113528122,people
0,210058571,people
0,12266827,people
0,49724752,people
0,196386128,people
0,93060442,people
0,138128732,people
0,44903772,people
0,197541214,people
0,206159203,people
0,204184942,people
0,62106992,people
0,215952752,people
0,5655924,people
0,107126142,people
0,94461312,people
0,13962628,people
0,196271495,people
0,167296392,people
0,193752457,people
0,195390861,people
0,138382742,people
0,184704407,people
0,10026392,people
0,12258718,people
0,231812516,people
0,203836837,people
0,190672293,people
0,195145131,people
0,228625838,people
0,206179761,people
0,210931124,people
0,13991355,people
0,150289852,people
0,221838783,people
0,191765963,people
0,59162062,people
0,184999379,people
0,100343252,people
0,163565012,people
0,230837722,people
0,211840475,people
0,146451932,people
0,207023582,people
0,201948638,people
0,198385125,people
0,207908326,people
0,200695272,people
0,114757102,people
0,30854652,people
0,208625151,people
0,237567497,people
0,59264522,people
0,184626697,people
0,221998611,people
0,11247133,people
0,221191725,people
0,5652014,people
0,224386605,people
0,223055408,people
0,181292592,people
0,188857906,people
0,200625715,people
0,205270580,people
0,231054908,people
0,189718080,people
0,3612228,people
0,205233737,people
0,14229085,people
0,191233632,people
0,196669034,people
0,207240812,people
0,65072762,people
0,217714304,people
0,197598849,people
0,184012417,people
0,136097412,people
0,211086982,people
0,230669960,people
0,11808392,people
0,194875027,people
0,198385300,people
0,185790102,people
0,84201112,people
0,213073561,people
0,200498845,people
0,183799454,people
0,188649123,people
0,206835363,people
0,229519013,people
0,120147622,people
0,59465382,people
0,226393774,people
0,144256692,people
0,191159999,people
0,14225093,people
0,212623048,people
0,16019151,people
0,113798872,people
0,194338521,people
0,186187494,people
0,220225255,people
0,51490542,people
0,103288562,people
0,188567282,people
0,10743543,people
0,9219838,people
0,200052480,people
0,158002952,people
0,4353803,people
0,214241035,people
0,199499533,people
0,205913902,people
0,187273009,people
0,220843827,people
0,108670772,people
0,208174900,people
0,184991548,people
0,198205248,people
0,187256640,people
0,43712322,people
0,78520132,people
0,186904388,people
0,189685577,people
0,203468630,people
0,18943841,people
0,205496163,people
0,203730789,people
0,8785766,people
0,192229223,people
0,197234536,people
0,188100470,people
0,49397622,people
0,6057849,people
0,149172092,people
0,175300482,people
0,3436418,people
0,196095880,people
0,208965513,people
0,208015243,people
0,158465932,people
0,54914962,people
0,225509283,people
0,185409444,people
0,156270502,people
0,192032680,people
0,130158522,people
0,188190655,people
0,230285247,people
0,230969285,people
0,225226693,people
0,200548296,people
0,188530638,people
0,227524561,people
0,188010474,people
0,216489965,people
0,6758382,people
0,11149295,people
0,202424309,people
0,233426938,people
0,209453152,people
0,128991232,people
0,146040842,people
0,188194830,people
0,226779164,people
0,137420832,people
0,140965932,people
0,211365934,people
0,201822256,people
0,98742322,people
0,20238391,people
0,199290936,people
0,215619639,people
0,13547579,people
0,199602237,people
0,14532681,people
0,188297294,people
0,21563471,people
0,156086352,people
0,187254868,people
0,38506582,people
0,56997982,people
0,9105503,people
0,221423715,people
0,7485542,people
0,148211832,people
0,12505220,people
0,190939281,people
0,81924252,people
0,95860892,people
0,187639969,people
0,2179235,people
0,198066340,people
0,129122472,people
0,12925101,people
0,202119345,people
0,207370422,people
0,191758521,people
0,82284732,people
0,29532352,people
0,10758349,people
0,216723661,people
0,43573462,people
0,203055322,people
0,220555487,people
0,174031072,people
0,210137314,people
0,33155302,people
0,14051566,people
0,224954611,people
0,159654132,people
0,1962233,people
0,189401341,people
0,208840957,people
0,208066820,people
0,217663750,people
0,10066189,people
0,208083240,people
0,187572521,people
0,209099058,people
0,6961459,people
0,210807107,people
0,203192644,people
0,188348741,people
0,198117708,people
0,109089102,people
0,185532751,people
0,8921426,people
0,191512916,people
0,37118292,people
0,213901653,people
0,174057822,people
0,191220068,people
0,45298022,people
0,13678954,people
0,7559534,people
0,15284591,people
0,215179635,people
0,194742643,people
0,191621498,people
0,211190144,people
0,5173635,people
0,28608902,people
0,93983122,people
0,207499677,people
0,228370847,people
0,41855402,people
0,146112942,people
0,210649524,people
0,635319,people
0,13273531,people
0,5579198,people
0,220297664,people
0,8079808,people
0,71424452,people
0,150907332,people
0,6603223,people
0,208253400,people
0,10553819,people
0,229693920,people
0,209660386,people
0,190761456,people
0,130988532,people
0,205535742,people
0,13687304,people
0,226310667,people
0,64455192,people
0,226128410,people
0,207583772,people
0,32809502,people
0,224336417,people
0,195951151,people
0,125274672,people
0,53516852,people
0,211006026,people
0,233859668,people
0,110832222,people
0,137261662,people
0,195301990,people
0,212243049,people
0,179884652,people
0,227414637,people
0,222288505,people
0,212054650,people
0,177009282,people
0,209447556,people
0,229831302,people
0,85715592,people
0,13582987,people
0,11416204,people
0,184586892,people
0,200790668,people
0,8473236,people
0,201800343,people
0,33198752,people
0,121705122,people
0,195574437,people
0,4602540,people
0,57041582,people
0,181531312,people
0,183556787,people
0,9702068,people
0,44927672,people
0,228682424,people
0,223312572,people
0,196725445,people
0,58950342,people
0,207563463,people
0,12229328,people
0,109826772,people
0,195654361,people
0,9745115,people
0,13501170,people
0,161561332,people
0,205257465,people
0,137411322,people
0,33628922,people
0,207788795,people
0,203281152,people
0,227480320,people
0,209216260,people
0,12757769,people
0,99924752,people
0,40221462,people
0,213568281,people
0,200735518,people
0,223910698,people
0,41954092,people
0,212038445,people
0,198380339,people
0,6765365,people
0,11221820,people
0,149975872,people
0,226437965,people
0,222712658,people
0,9278294,people
0,223738717,people
0,223646557,people
0,47618912,people
0,216267622,people
0,210561896,people
0,227869544,people
0,10234731,people
0,207401844,people
0,131523452,people
0,192033663,people
0,119628682,people
0,98198412,people
0,189633429,people
0,216955806,people
0,33659822,people
0,202787758,people
0,13702065,people
0,216421300,people
0,233675700,people
0,14390209,people
0,190026711,people
0,229188569,people
0,208350173,people
0,51485662,people
0,229692381,people
0,4088809,people
0,38591482,people
0,208176128,people
0,140274692,people
0,193248264,people
0,91626512,people
0,198188049,people
0,111592472,people
0,190147610,people
0,213568542,people
0,204524586,people
0,7726130,people
0,3380276,people
0,205704257,people
0,154920002,people
0,14160964,people
0,124310602,people
0,81970252,people
0,206296158,people
0,9340001,people
0,126323812,people
0,185422955,people
0,184792175,people
0,201774191,people
0,10083446,people
0,72379512,people
0,100099192,people
0,59892862,people
0,221385858,people
0,215876742,people
0,216034438,people
0,205677713,people
0,198067348,people
0,83029142,people
0,183223448,people
0,192965786,people
0,49743012,people
0,13667508,people
0,229717183,people
0,183297218,people
0,207287492,people
0,209407174,people
0,45178062,people
0,213200089,people
0,81196252,people
0,185591004,people
0,189574367,people
0,35218662,people
0,212577516,people
0,58756332,people
0,5985520,people
0,195757297,people
0,235689203,people
0,82238712,people
0,218975482,people
0,103496962,people
0,152786182,people
0,46486792,people
0,220902665,people
0,225555724,people
0,115037452,people
0,207265038,people
0,161041682,people
0,191966482,people
0,220867862,people
0,3710232,people
0,188527897,people
0,190717209,people
0,182574366,people
0,205874466,people
0,53695782,people
0,190055719,people
0,10716469,people
0,43871542,people
0,188671296,people
0,221259073,people
0,212770120,people
0,218062154,people
0,58619242,people
0,28245362,people
0,14173571,people
0,211363204,people
0,11462026,people
0,202597783,people
0,207420826,people
0,3614107,people
0,212108700,people
0,11742625,people
0,197066151,people
0,35235252,people
0,9831878,people
0,8979910,people
0,10743245,people
0,140103122,people
0,96869842,people
0,113362402,people
0,9999847,people
0,118484462,people
0,216780271,people
0,8809972,people
0,216927741,people
0,205954558,people
0,11107841,people
0,210818574,people
0,113655312,people
0,208352792,people
0,10055195,people
0,224165408,people
0,208188965,people
0,208389674,people
0,229418539,people
0,9043499,people
0,208125485,people
0,182763054,people
0,58682932,people
0,225949237,people
0,209432118,people
0,206624315,people
0,195288637,people
0,206282306,people
0,223348295,people
0,211621454,people
0,2573903,people
0,216186447,people
0,199104094,people
0,41473632,people
0,34633322,people
0,211377778,people
0,104091252,people
0,70403712,people
0,233387655,people
0,179019412,people
0,183015093,people
0,198399671,people
0,9475768,people
0,187025081,people
0,9422523,people
0,17319611,people
0,219764412,people
0,4720318,people
0,204097214,people
0,227530431,people
0,188589763,people
0,209360581,people
0,32671432,people
0,50452172,people
0,74272472,people
0,161847002,people
0,62662372,people
0,9455335,people
0,217476844,people
0,211400429,people
0,10514162,people
0,10878718,people
0,189431560,people
0,28294922,people
0,6055703,people
0,177731352,people
0,202919711,people
0,221724454,people
0,204318533,people
0,31901512,people
0,1726285,people
0,221830992,people
0,72367952,people
0,13614935,people
0,11173720,people
0,224483168,people
0,221437801,people
0,186247021,people
0,190076793,people
0,183119747,people
0,5166997,people
0,211611544,people
0,110905242,people
0,5838751,people
0,198309808,people
0,214323124,people
0,13260727,people
0,137230272,people
0,238696387,people
0,192419782,people
0,216092618,people
0,45002702,people
0,206280668,people
0,237311969,people
0,187496418,people
0,8869875,people
0,226897907,people
0,196614133,people
0,195569654,people
0,217679870,people
0,228655199,people
0,210011139,people
0,213008387,people
0,13018119,people
0,30936082,people
0,26706942,people
0,227805212,people
0,172136492,people
0,205502516,people
0,206590005,people
0,149104712,people
0,3834957,people
0,53054542,people
0,53452882,people
0,21489751,people
0,93765722,people
0,184029284,people
0,100333672,people
0,14631019,people
0,202105967,people
0,97593462,people
0,10575998,people
0,4695167,people
0,48947332,people
0,224332940,people
0,188179597,people
0,106513552,people
0,7631008,people
0,189350049,people
0,197068964,people
0,188534952,people
0,185881770,people
0,7599276,people
0,155052242,people
0,185407708,people
0,205196518,people
0,207298792,people
0,208853225,people
0,190211306,people
0,185439469,people
0,178011382,people
0,197934327,people
0,66358532,people
0,201497860,people
0,9611536,people
0,207293721,people
0,11778333,people
0,20531501,people
0,198499631,people
0,207854895,people
0,195896627,people
0,190896444,people
0,205576520,people
0,16136521,people
0,184530249,people
0,213226825,people
0,229030228,people
0,205933914,people
0,223569254,people
0,199930215,people
0,227770731,people
0,182531437,people
0,194629997,people
0,150039922,people
0,206922099,people
0,73959802,people
0,7227770,people
0,185576827,people
0,189671808,people
0,83808642,people
0,214078851,people
0,190044564,people
0,203912599,people
0,13587871,people
0,218064297,people
0,144590252,people
0,12098992,people
0,25185712,people
0,185471408,people
0,227981745,people
0,182997429,people
0,61238712,people
0,6779322,people
0,198894011,people
0,101674432,people
0,59738562,people
0,14621123,people
0,219462083,people
0,230279623,people
0,123283912,people
0,213028297,people
0,183783884,people
0,220831181,people
0,28045782,people
0,192668123,people
0,12394991,people
0,211479025,people
0,215293429,people
0,201647608,people
0,202684920,people
0,189837818,people
0,198733304,people
0,229115387,people
0,14105085,people
0,63998462,people
0,14607883,people
0,186378767,people
0,59475472,people
0,57803282,people
0,8403475,people
0,9124374,people
0,220768796,people
0,14415392,people
0,218470947,people
0,182751789,people
0,29493812,people
0,161786432,people
0,214146636,people
0,216018514,people
0,10596950,people
0,73895512,people
0,15298141,people
0,191098462,people
0,183423583,people
0,196945510,people
0,179364462,people
0,176407152,people
0,199012976,people
0,186662514,people
0,195203706,people
0,108678782,people
0,199842432,people
0,9795205,people
0,9246344,people
0,413321,people
0,226206347,people
0,226058893,people
0,7964302,people
0,198394510,people
0,158069392,people
0,13379218,people
0,136264352,people
0,7984807,people
0,209843887,people
0,224808631,people
0,13533889,people
0,186137286,people
0,216963792,people
0,164229842,people
0,183381715,people
0,60613332,people
0,193563349,people
0,209378020,people
0,6595301,people
0,214482662,people
0,185874155,people
0,228677357,people
0,228848370,people
0,173228792,people
0,30753532,people
0,119562002,people
0,166085402,people
0,13815593,people
0,13125423,people
0,6841143,people
0,196792121,people
0,105594682,people
0,112175942,people
0,106022732,people
0,189613918,people
0,11114354,people
0,224506741,people
0,93868922,people
0,137821062,people
0,233754508,people
0,189397906,people
0,91021212,people
0,74011552,people
0,201161632,people
0,221735839,people
0,226111392,people
0,234595237,people
0,6042535,people
0,4128698,people
0,130952122,people
0,230694847,people
0,232869824,people
0,19658701,people
0,121615312,people
0,224399317,people
0,214844397,people
0,11901946,people
0,111622142,people
0,213745765,people
0,197928971,people
0,11863051,people
0,184231948,people
0,92069902,people
0,183847951,people
0,105281552,people
0,205708300,people
0,209074193,people
0,201314326,people
0,200526872,people
0,221789220,people
0,220484652,people
0,210934831,people
0,35074102,people
0,24446012,people
0,225240127,people
0,10261574,people
0,195158087,people
0,185909326,people
0,201390176,people
0,227700839,people
0,198396008,people
0,211709033,people
0,215523433,people
0,12896366,people
0,210080880,people
0,212933746,people
0,13985911,people
0,205305981,people
0,198097027,people
0,207006853,people
0,194290824,people
0,192364686,people
0,236261522,people
0,19452051,people
0,13724820,people
0,219048088,people
0,221314205,people
0,212623518,people
0,214769824,people
0,214184103,people
0,160278702,people
0,76402872,people
0,187749564,people
0,192229571,people
0,201336011,people
0,216459467,people
0,207762638,people
0,202656982,people
0,219747546,people
0,213445859,people
0,197731563,people
0,230942958,people
0,4801776,people
0,233679088,people
0,201454843,people
0,185489661,people
0,217228541,people
0,195435788,people
0,231331086,people
0,54215962,people
0,215840029,people
0,222348578,people
0,15519011,people
0,6770985,people
0,219288875,people
0,185565488,people
0,205993266,people
0,203314488,people
0,3914044,people
0,222831936,people
0,215738689,people
0,231313741,people
0,217865556,people
0,32741722,people
0,216750436,people
0,206096745,people
0,187174255,people
0,213405039,people
0,195523953,people
0,207502711,people
0,211053955,people
0,3190152,people
0,220850569,people
0,55696782,people
0,227473810,people
0,229691807,people
0,231316897,people
0,217723299,people
0,191112612,people
0,128294312,people
0,182121902,people
0,87567792,people
0,210754994,people
0,224243134,people
1,195657825,people
1,14670871,people
1,81247262,crowd
1,225795116,people
1,194923584,people
1,193256517,people
1,182873170,people
1,22535251,people
1,198233173,people
1,204655705,people
1,205233254,crowd
1,228998249,people
1,14486634,people
1,104160362,people
1,231320697,people
1,134601852,people
1,206261374,people
1,208813186,people
1,220028036,people
1,146791582,people
1,128674982,people
1,14687401,crowd
1,183528621,people
1,7670958,people
1,192867505,people
1,198548663,people
1,192404675,people
1,202566856,people
1,15359191,people
1,197901531,people
1,209775846,people
1,232746220,people
1,6515953,people
1,192863475,people
1,8813813,people
1,200043768,people
1,156626172,people
1,83381502,people
1,53566722,people
1,8346884,people
1,60857612,people
1,206843171,crowd
1,206400804,people
1,228125989,people
1,206900520,people
1,163802412,people
1,206286130,people
1,223333685,people
1,113528122,people
1,210058571,people
1,12266827,people
1,49724752,people
1,196386128,people
1,93060442,people
1,138128732,people
1,44903772,people
1,197541214,people
1,206159203,people
1,204184942,people
1,62106992,people
1,215952752,crowd
1,5655924,people
1,107126142,people
1,94461312,people
1,13962628,people
1,196271495,people
1,167296392,people
1,193752457,people
1,195390861,people
1,138382742,people
1,184704407,people
1,10026392,people
1,12258718,people
1,231812516,people
1,203836837,people
1,190672293,people
1,195145131,people
1,228625838,people
1,206179761,people
1,210931124,people
1,13991355,people
1,150289852,people
1,221838783,people
1,191765963,people
1,59162062,people
1,184999379,people
1,100343252,people
1,163565012,people
1,230837722,people
1,211840475,people
1,146451932,people
1,207023582,people
1,201948638,people
1,198385125,people
1,207908326,people
1,200695272,people
1,114757102,people
1,30854652,people
1,208625151,people
1,237567497,people
1,59264522,people
1,184626697,people
1,221998611,people
1,11247133,people
1,221191725,people
1,5652014,people
1,224386605,people
1,223055408,people
1,181292592,people
1,188857906,people
1,200625715,people
1,205270580,people
1,231054908,crowd
1,189718080,people
1,3612228,people
1,205233737,people
1,14229085,people
1,191233632,people
1,196669034,people
1,207240812,people
1,65072762,people
1,217714304,people
1,197598849,people
1,184012417,people
1,136097412,people
1,211086982,people
1,230669960,people
1,11808392,people
1,194875027,people
1,198385300,people
1,185790102,people
1,84201112,people
1,213073561,people
1,200498845,people
1,183799454,people
1,188649123,people
1,206835363,people
1,229519013,people
1,120147622,people
1,59465382,people
1,226393774,people
1,144256692,people
1,191159999,people
1,14225093,people
1,212623048,people
1,16019151,people
1,113798872,people
1,194338521,people
1,186187494,people
1,220225255,people
1,51490542,people
1,103288562,people
1,188567282,people
1,10743543,people
1,9219838,people
1,200052480,people
1,158002952,people
1,4353803,people
1,214241035,people
1,199499533,people
1,205913902,people
1,187273009,people
1,220843827,people
1,108670772,people
1,208174900,people
1,184991548,people
1,198205248,people
1,187256640,people
1,43712322,people
1,78520132,people
1,186904388,people
1,189685577,people
1,203468630,people
1,18943841,people
1,205496163,people
1,203730789,people
1,8785766,people
1,192229223,people
1,197234536,people
1,188100470,people
1,49397622,people
1,6057849,people
1,149172092,people
1,175300482,people
1,3436418,people
1,196095880,people
1,208965513,people
1,208015243,people
1,158465932,people
1,54914962,people
1,225509283,people
1,185409444,people
1,156270502,people
1,192032680,people
1,130158522,people
1,188190655,people
1,230285247,people
1,230969285,people
1,225226693,people
1,200548296,people
1,188530638,people
1,227524561,people
1,188010474,people
1,216489965,people
1,6758382,people
1,11149295,people
1,202424309,people
1,233426938,people
1,209453152,influencer
1,128991232,crowd
1,146040842,crowd
1,188194830,crowd
1,226779164,crowd
1,137420832,crowd
1,140965932,crowd
1,211365934,crowd
1,201822256,crowd
1,98742322,crowd
1,20238391,crowd
1,199290936,crowd
1,215619639,crowd
1,13547579,crowd
1,199602237,crowd
1,14532681,crowd
1,188297294,crowd
1,21563471,crowd
1,156086352,crowd
1,187254868,crowd
1,38506582,crowd
1,56997982,crowd
1,9105503,crowd
1,221423715,crowd
1,7485542,crowd
1,148211832,crowd
1,12505220,crowd
1,190939281,crowd
1,81924252,crowd
1,95860892,crowd
1,187639969,crowd
1,2179235,crowd
1,198066340,crowd
1,129122472,crowd
1,12925101,crowd
1,202119345,crowd
1,207370422,crowd
1,191758521,crowd
1,82284732,crowd
1,29532352,crowd
1,10758349,crowd
1,216723661,crowd
1,43573462,crowd
1,203055322,crowd
1,220555487,crowd
1,174031072,crowd
1,210137314,crowd
1,33155302,crowd
1,14051566,crowd
1,224954611,crowd
1,159654132,crowd
1,1962233,crowd
1,189401341,crowd
1,208840957,crowd
1,208066820,crowd
1,217663750,crowd
1,10066189,crowd
1,208083240,crowd
1,187572521,crowd
1,209099058,crowd
1,6961459,crowd
1,210807107,crowd
1,203192644,crowd
1,188348741,crowd
1,198117708,crowd
1,109089102,crowd
1,185532751,crowd
1,8921426,crowd
1,191512916,crowd
1,37118292,crowd
1,213901653,crowd
1,174057822,crowd
1,191220068,crowd
1,45298022,crowd
1,13678954,crowd
1,7559534,crowd
1,15284591,crowd
1,215179635,crowd
1,194742643,crowd
1,191621498,crowd
1,211190144,crowd
1,5173635,crowd
1,28608902,crowd
1,93983122,crowd
1,207499677,crowd
1,228370847,crowd
1,41855402,crowd
1,146112942,crowd
1,210649524,crowd
1,635319,crowd
1,13273531,crowd
1,5579198,crowd
1,220297664,crowd
1,8079808,crowd
1,71424452,crowd
1,150907332,crowd
1,6603223,crowd
1,208253400,crowd
1,10553819,crowd
1,229693920,crowd
1,209660386,crowd
1,190761456,crowd
1,130988532,crowd
1,205535742,crowd
1,13687304,crowd
1,226310667,crowd
1,64455192,crowd
1,226128410,crowd
1,207583772,crowd
1,32809502,crowd
1,224336417,crowd
1,195951151,crowd
1,125274672,crowd
1,53516852,crowd
1,211006026,crowd
1,233859668,crowd
1,110832222,crowd
1,137261662,crowd
1,195301990,crowd
1,212243049,crowd
1,179884652,crowd
1,227414637,crowd
1,222288505,crowd
1,212054650,crowd
1,177009282,crowd
1,209447556,crowd
1,229831302,crowd
1,85715592,crowd
1,13582987,crowd
1,11416204,crowd
1,184586892,crowd
1,200790668,crowd
1,8473236,crowd
1,201800343,crowd
1,33198752,crowd
1,121705122,crowd
1,195574437,crowd
1,4602540,crowd
1,57041582,crowd
1,181531312,crowd
1,183556787,crowd
1,9702068,crowd
1,44927672,crowd
1,228682424,crowd
1,223312572,crowd
1,196725445,crowd
1,58950342,crowd
1,207563463,crowd
1,12229328,crowd
1,109826772,crowd
1,195654361,crowd
1,9745115,crowd
1,13501170,crowd
1,161561332,crowd
1,205257465,crowd
1,137411322,crowd
1,33628922,crowd
1,207788795,crowd
1,203281152,crowd
1,227480320,crowd
1,209216260,crowd
1,12757769,crowd
1,99924752,crowd
1,40221462,crowd
1,213568281,crowd
1,200735518,crowd
1,223910698,crowd
1,41954092,crowd
1,212038445,crowd
1,198380339,crowd
1,6765365,crowd
1,11221820,crowd
1,149975872,crowd
1,226437965,crowd
1,222712658,crowd
1,9278294,crowd
1,223738717,crowd
1,223646557,crowd
1,47618912,crowd
1,216267622,crowd
1,210561896,crowd
1,227869544,crowd
1,10234731,crowd
1,207401844,crowd
1,131523452,crowd
1,192033663,crowd
1,119628682,crowd
1,98198412,crowd
1,189633429,crowd
1,216955806,crowd
1,33659822,crowd
1,202787758,crowd
1,13702065,crowd
1,216421300,crowd
1,233675700,crowd
1,14390209,crowd
1,190026711,crowd
1,229188569,crowd
1,208350173,crowd
1,51485662,crowd
1,229692381,crowd
1,4088809,crowd
1,38591482,crowd
1,208176128,crowd
1,140274692,crowd
1,193248264,crowd
1,91626512,crowd
1,198188049,crowd
1,111592472,crowd
1,190147610,crowd
1,213568542,crowd
1,204524586,crowd
1,7726130,crowd
1,3380276,crowd
1,205704257,crowd
1,154920002,crowd
1,14160964,crowd
1,124310602,crowd
1,81970252,crowd
1,206296158,crowd
1,9340001,crowd
1,126323812,crowd
1,185422955,crowd
1,184792175,crowd
1,201774191,crowd
1,10083446,crowd
1,72379512,crowd
1,100099192,crowd
1,59892862,crowd
1,221385858,crowd
1,215876742,crowd
1,216034438,crowd
1,205677713,crowd
1,198067348,crowd
1,83029142,crowd
1,183223448,crowd
1,192965786,crowd
1,49743012,crowd
1,13667508,crowd
1,229717183,crowd
1,183297218,crowd
1,207287492,crowd
1,209407174,crowd
1,45178062,crowd
1,213200089,crowd
1,81196252,crowd
1,185591004,crowd
1,189574367,crowd
1,35218662,crowd
1,212577516,crowd
1,58756332,crowd
1,5985520,crowd
1,195757297,crowd
1,235689203,crowd
1,82238712,crowd
1,218975482,crowd
1,103496962,crowd
1,152786182,crowd
1,46486792,crowd
1,220902665,crowd
1,225555724,crowd
1,115037452,crowd
1,207265038,crowd
1,161041682,crowd
1,191966482,crowd
1,220867862,crowd
1,3710232,crowd
1,188527897,crowd
1,190717209,crowd
1,182574366,crowd
1,205874466,crowd
1,53695782,crowd
1,190055719,crowd
1,10716469,crowd
1,43871542,crowd
1,188671296,crowd
1,221259073,crowd
1,212770120,crowd
1,218062154,crowd
1,58619242,crowd
1,28245362,crowd
1,14173571,crowd
1,211363204,crowd
1,11462026,crowd
1,202597783,crowd
1,207420826,crowd
1,3614107,crowd
1,212108700,crowd
1,11742625,crowd
1,197066151,crowd
1,35235252,crowd
1,9831878,crowd
1,8979910,crowd
1,10743245,crowd
1,140103122,crowd
1,96869842,crowd
1,113362402,crowd
1,9999847,crowd
1,118484462,crowd
1,216780271,crowd
1,8809972,crowd
1,216927741,crowd
1,205954558,crowd
1,11107841,crowd
1,210818574,crowd
1,113655312,crowd
1,208352792,crowd
1,10055195,crowd
1,224165408,crowd
1,208188965,crowd
1,208389674,crowd
1,229418539,crowd
1,9043499,crowd
1,208125485,crowd
1,182763054,crowd
1,58682932,crowd
1,225949237,crowd
1,209432118,crowd
1,206624315,crowd
1,195288637,crowd
1,206282306,crowd
1,223348295,crowd
1,211621454,crowd
1,2573903,crowd
1,216186447,crowd
1,199104094,crowd
1,41473632,crowd
1,34633322,crowd
1,211377778,crowd
1,104091252,crowd
1,70403712,crowd
1,233387655,crowd
1,179019412,crowd
1,183015093,crowd
1,198399671,crowd
1,9475768,crowd
1,187025081,crowd
1,9422523,crowd
1,17319611,crowd
1,219764412,crowd
1,4720318,crowd
1,204097214,crowd
1,227530431,crowd
1,188589763,crowd
1,209360581,crowd
1,32671432,crowd
1,50452172,crowd
1,74272472,crowd
1,161847002,crowd
1,62662372,crowd
1,9455335,crowd
1,217476844,crowd
1,211400429,crowd
1,10514162,crowd
1,10878718,crowd
1,189431560,crowd
1,28294922,crowd
1,6055703,crowd
1,177731352,crowd
1,202919711,crowd
1,221724454,crowd
1,204318533,crowd
1,31901512,crowd
1,1726285,crowd
1,221830992,crowd
1,72367952,crowd
1,13614935,crowd
1,11173720,crowd
1,224483168,crowd
1,221437801,crowd
1,186247021,crowd
1,190076793,crowd
1,183119747,crowd
1,5166997,crowd
1,211611544,crowd
1,110905242,crowd
1,5838751,crowd
1,198309808,crowd
1,214323124,crowd
1,13260727,crowd
1,137230272,crowd
1,238696387,crowd
1,192419782,crowd
1,216092618,crowd
1,45002702,crowd
1,206280668,crowd
1,237311969,crowd
1,187496418,crowd
1,8869875,crowd
1,226897907,crowd
1,196614133,crowd
1,195569654,crowd
1,217679870,crowd
1,228655199,people
1,210011139,people
1,213008387,people
1,13018119,people
1,30936082,people
1,26706942,people
1,227805212,people
1,172136492,people
1,205502516,people
1,206590005,people
1,149104712,people
1,3834957,people
1,53054542,people
1,53452882,people
1,21489751,people
1,93765722,people
1,184029284,people
1,100333672,people
1,14631019,people
1,202105967,people
1,97593462,people
1,10575998,people
1,4695167,people
1,48947332,people
1,224332940,people
1,188179597,people
1,106513552,people
1,7631008,people
1,189350049,people
1,197068964,people
1,188534952,people
1,185881770,people
1,7599276,people
1,155052242,people
1,185407708,people
1,205196518,people
1,207298792,people
1,208853225,people
1,190211306,people
1,185439469,people
1,178011382,people
1,197934327,people
1,66358532,people
1,201497860,people
1,9611536,people
1,207293721,people
1,11778333,people
1,20531501,people
1,198499631,people
1,207854895,people
1,195896627,people
1,190896444,people
1,205576520,people
1,16136521,people
1,184530249,people
1,213226825,people
1,229030228,people
1,205933914,people
1,223569254,people
1,199930215,people
1,227770731,people
1,182531437,people
1,194629997,people
1,150039922,people
1,206922099,people
1,73959802,people
1,7227770,people
1,185576827,people
1,189671808,people
1,83808642,people
1,214078851,people
1,190044564,people
1,203912599,people
1,13587871,people
1,218064297,people
1,144590252,people
1,12098992,people
1,25185712,people
1,185471408,people
1,227981745,people
1,182997429,people
1,61238712,people
1,6779322,people
1,198894011,people
1,101674432,people
1,59738562,people
1,14621123,people
1,219462083,people
1,230279623,people
1,123283912,people
1,213028297,people
1,183783884,people
1,220831181,people
1,28045782,people
1,192668123,people
1,12394991,people
1,211479025,people
1,215293429,people
1,201647608,people
1,202684920,people
1,189837818,people
1,198733304,people
1,229115387,people
1,14105085,people
1,63998462,people
1,14607883,people
1,186378767,people
1,59475472,people
1,57803282,people
1,8403475,people
1,9124374,people
1,220768796,people
1,14415392,people
1,218470947,people
1,182751789,people
1,29493812,people
1,161786432,people
1,214146636,people
1,216018514,people
1,10596950,people
1,73895512,people
1,15298141,people
1,191098462,people
1,183423583,people
1,196945510,people
1,179364462,people
1,176407152,people
1,199012976,people
1,186662514,people
1,195203706,people
1,108678782,people
1,199842432,people
1,9795205,people
1,9246344,people
1,413321,people
1,226206347,people
1,226058893,people
1,7964302,people
1,198394510,people
1,158069392,people
1,13379218,people
1,136264352,people
1,7984807,people
1,209843887,people
1,224808631,people
1,13533889,people
1,186137286,people
1,216963792,people
1,164229842,people
1,183381715,people
1,60613332,people
1,193563349,people
1,209378020,people
1,6595301,people
1,214482662,people
1,185874155,people
1,228677357,people
1,228848370,people
1,173228792,people
1,30753532,people
1,119562002,people
1,166085402,people
1,13815593,people
1,13125423,people
1,6841143,people
1,196792121,people
1,105594682,people
1,112175942,people
1,106022732,people
1,189613918,people
1,11114354,people
1,224506741,people
1,93868922,people
1,137821062,people
1,233754508,people
1,189397906,people
1,91021212,people
1,74011552,people
1,201161632,people
1,221735839,people
1,226111392,people
1,234595237,people
1,6042535,people
1,4128698,people
1,130952122,people
1,230694847,people
1,232869824,people
1,19658701,people
1,121615312,people
1,224399317,people
1,214844397,people
1,11901946,people
1,111622142,people
1,213745765,people
1,197928971,people
1,11863051,people
1,184231948,people
1,92069902,people
1,183847951,people
1,105281552,people
1,205708300,people
1,209074193,people
1,201314326,people
1,200526872,people
1,221789220,people
1,220484652,people
1,210934831,people
1,35074102,people
1,24446012,people
1,225240127,people
1,10261574,people
1,195158087,people
1,185909326,people
1,201390176,people
1,227700839,people
1,198396008,people
1,211709033,people
1,215523433,people
1,12896366,people
1,210080880,people
1,212933746,people
1,13985911,people
1,205305981,people
1,198097027,people
1,207006853,people
1,194290824,people
1,192364686,people
1,236261522,people
1,19452051,people
1,13724820,people
1,219048088,people
1,221314205,people
1,212623518,people
1,214769824,people
1,214184103,people
1,160278702,people
1,76402872,people
1,187749564,people
1,192229571,people
1,201336011,people
1,216459467,people
1,207762638,people
1,202656982,people
1,219747546,people
1,213445859,people
1,197731563,people
1,230942958,people
1,4801776,people
1,233679088,people
1,201454843,people
1,185489661,people
1,217228541,people
1,195435788,people
1,231331086,people
1,54215962,people
1,215840029,people
1,222348578,people
1,15519011,people
1,6770985,people
1,219288875,people
1,185565488,people
1,205993266,people
1,203314488,people
1,3914044,people
1,222831936,people
1,215738689,people
1,231313741,people
1,217865556,people
1,32741722,people
1,216750436,people
1,206096745,people
1,187174255,people
1,213405039,people
1,195523953,people
1,207502711,people
1,211053955,people
1,3190152,people
1,220850569,people
1,55696782,people
1,227473810,people
1,229691807,people
1,231316897,people
1,217723299,people
1,191112612,people
1,128294312,people
1,182121902,people
1,87567792,people
1,210754994,people
1,224243134,people
2,195657825,influencer
2,14670871,crowd
2,81247262,crowd
2,225795116,crowd
2,194923584,crowd
2,193256517,crowd
2,182873170,crowd
2,22535251,crowd
2,198233173,crowd
2,204655705,crowd
2,205233254,crowd
2,228998249,crowd
2,14486634,crowd
2,104160362,crowd
2,231320697,crowd
2,134601852,crowd
2,206261374,crowd
2,208813186,crowd
2,220028036,crowd
2,146791582,crowd
2,128674982,crowd
2,14687401,crowd
2,183528621,crowd
2,7670958,crowd
2,192867505,crowd
2,198548663,crowd
2,192404675,crowd
2,202566856,crowd
2,15359191,crowd
2,197901531,crowd
2,209775846,crowd
2,232746220,crowd
2,6515953,crowd
2,192863475,crowd
2,8813813,crowd
2,200043768,crowd
2,156626172,crowd
2,83381502,crowd
2,53566722,crowd
2,8346884,crowd
2,60857612,crowd
2,206843171,crowd
2,206400804,crowd
2,228125989,crowd
2,206900520,crowd
2,163802412,crowd
2,206286130,crowd
2,223333685,crowd
2,113528122,crowd
2,210058571,crowd
2,12266827,crowd
2,49724752,crowd
2,196386128,crowd
2,93060442,crowd
2,138128732,crowd
2,44903772,crowd
2,197541214,crowd
2,206159203,crowd
2,204184942,crowd
2,62106992,crowd
2,215952752,crowd
2,5655924,crowd
2,107126142,crowd
2,94461312,crowd
2,13962628,crowd
2,196271495,crowd
2,167296392,crowd
2,193752457,crowd
2,195390861,crowd
2,138382742,crowd
2,184704407,crowd
2,10026392,crowd
2,12258718,crowd
2,231812516,crowd
2,203836837,crowd
2,190672293,crowd
2,195145131,crowd
2,228625838,crowd
2,206179761,crowd
2,210931124,crowd
2,13991355,crowd
2,150289852,crowd
2,221838783,crowd
2,191765963,crowd
2,59162062,crowd
2,184999379,crowd
2,100343252,crowd
2,163565012,crowd
2,230837722,crowd
2,211840475,crowd
2,146451932,crowd
2,207023582,crowd
2,201948638,crowd
2,198385125,crowd
2,207908326,crowd
2,200695272,crowd
2,114757102,crowd
2,30854652,crowd
2,208625151,crowd
2,237567497,crowd
2,59264522,crowd
2,184626697,crowd
2,221998611,crowd
2,11247133,crowd
2,221191725,crowd
2,5652014,crowd
2,224386605,crowd
2,223055408,crowd
2,181292592,crowd
2,188857906,crowd
2,200625715,crowd
2,205270580,crowd
2,231054908,crowd
2,189718080,crowd
2,3612228,crowd
2,205233737,crowd
2,14229085,crowd
2,191233632,crowd
2,196669034,crowd
2,207240812,crowd
2,65072762,crowd
2,217714304,crowd
2,197598849,crowd
2,184012417,crowd
2,136097412,crowd
2,211086982,crowd
2,230669960,crowd
2,11808392,crowd
2,194875027,crowd
2,198385300,crowd
2,185790102,crowd
2,84201112,crowd
2,213073561,crowd
2,200498845,crowd
2,183799454,crowd
2,188649123,crowd
2,206835363,crowd
2,229519013,crowd
2,120147622,crowd
2,59465382,crowd
2,226393774,crowd
2,144256692,crowd
2,191159999,crowd
2,14225093,crowd
2,212623048,crowd
2,16019151,crowd
2,113798872,crowd
2,194338521,crowd
2,186187494,crowd
2,220225255,crowd
2,51490542,crowd
2,103288562,crowd
2,188567282,crowd
2,10743543,crowd
2,9219838,crowd
2,200052480,crowd
2,158002952,crowd
2,4353803,crowd
2,214241035,crowd
2,199499533,crowd
2,205913902,crowd
2,187273009,crowd
2,220843827,crowd
2,108670772,crowd
2,208174900,crowd
2,184991548,crowd
2,198205248,crowd
2,187256640,crowd
2,43712322,crowd
2,78520132,crowd
2,186904388,crowd
2,189685577,crowd
2,203468630,crowd
2,18943841,crowd
2,205496163,crowd
2,203730789,crowd
2,8785766,crowd
2,192229223,crowd
2,197234536,crowd
2,188100470,crowd
2,49397622,crowd
2,6057849,crowd
2,149172092,crowd
2,175300482,crowd
2,3436418,crowd
2,196095880,crowd
2,208965513,crowd
2,208015243,crowd
2,158465932,crowd
2,54914962,crowd
2,225509283,crowd
2,185409444,crowd
2,156270502,crowd
2,192032680,crowd
2,130158522,crowd
2,188190655,crowd
2,230285247,crowd
2,230969285,crowd
2,225226693,crowd
2,200548296,crowd
2,188530638,crowd
2,227524561,crowd
2,188010474,crowd
2,216489965,crowd
2,6758382,crowd
2,11149295,crowd
2,202424309,crowd
2,233426938,crowd
2,209453152,influencer
2,128991232,crowd
2,146040842,crowd
2,188194830,crowd
2,226779164,crowd
2,137420832,crowd
2,140965932,crowd
2,211365934,crowd
2,201822256,crowd
2,98742322,crowd
2,20238391,crowd
2,199290936,crowd
2,215619639,crowd
2,13547579,crowd
2,199602237,crowd
2,14532681,crowd
2,188297294,crowd
2,21563471,crowd
2,156086352,crowd
2,187254868,crowd
2,38506582,crowd
2,56997982,crowd
2,9105503,crowd
2,221423715,crowd
2,7485542,crowd
2,148211832,crowd
2,12505220,crowd
2,190939281,crowd
2,81924252,crowd
2,95860892,crowd
2,187639969,crowd
2,2179235,crowd
2,198066340,crowd
2,129122472,crowd
2,12925101,crowd
2,202119345,crowd
2,207370422,crowd
2,191758521,crowd
2,82284732,crowd
2,29532352,crowd
2,10758349,crowd
2,216723661,crowd
2,43573462,crowd
2,203055322,crowd
2,220555487,crowd
2,174031072,crowd
2,210137314,crowd
2,33155302,crowd
2,14051566,crowd
2,224954611,crowd
2,159654132,crowd
2,1962233,crowd
2,189401341,crowd
2,208840957,crowd
2,208066820,crowd
2,217663750,crowd
2,10066189,crowd
2,208083240,crowd
2,187572521,crowd
2,209099058,crowd
2,6961459,crowd
2,210807107,crowd
2,203192644,crowd
2,188348741,crowd
2,198117708,crowd
2,109089102,crowd
2,185532751,crowd
2,8921426,crowd
2,191512916,crowd
2,37118292,crowd
2,213901653,crowd
2,174057822,crowd
2,191220068,crowd
2,45298022,crowd
2,13678954,crowd
2,7559534,crowd
2,15284591,crowd
2,215179635,crowd
2,194742643,crowd
2,191621498,crowd
2,211190144,crowd
2,5173635,crowd
2,28608902,crowd
2,93983122,crowd
2,207499677,crowd
2,228370847,crowd
2,41855402,crowd
2,146112942,crowd
2,210649524,crowd
2,635319,crowd
2,13273531,crowd
2,5579198,crowd
2,220297664,crowd
2,8079808,crowd
2,71424452,crowd
2,150907332,crowd
2,6603223,crowd
2,208253400,crowd
2,10553819,crowd
2,229693920,crowd
2,209660386,crowd
2,190761456,crowd
2,130988532,crowd
2,205535742,crowd
2,13687304,crowd
2,226310667,crowd
2,64455192,crowd
2,226128410,crowd
2,207583772,crowd
2,32809502,crowd
2,224336417,crowd
2,195951151,crowd
2,125274672,crowd
2,53516852,crowd
2,211006026,crowd
2,233859668,crowd
2,110832222,crowd
2,137261662,crowd
2,195301990,crowd
2,212243049,crowd
2,179884652,crowd
2,227414637,crowd
2,222288505,crowd
2,212054650,crowd
2,177009282,crowd
2,209447556,crowd
2,229831302,crowd
2,85715592,crowd
2,13582987,crowd
2,11416204,crowd
2,184586892,crowd
2,200790668,crowd
2,8473236,crowd
2,201800343,crowd
2,33198752,crowd
2,121705122,crowd
2,195574437,crowd
2,4602540,crowd
2,57041582,crowd
2,181531312,crowd
2,183556787,crowd
2,9702068,crowd
2,44927672,crowd
2,228682424,crowd
2,223312572,crowd
2,196725445,crowd
2,58950342,crowd
2,207563463,crowd
2,12229328,crowd
2,109826772,crowd
2,195654361,crowd
2,9745115,crowd
2,13501170,crowd
2,161561332,crowd
2,205257465,crowd
2,137411322,crowd
2,33628922,crowd
2,207788795,crowd
2,203281152,crowd
2,227480320,crowd
2,209216260,crowd
2,12757769,crowd
2,99924752,crowd
2,40221462,crowd
2,213568281,crowd
2,200735518,crowd
2,223910698,crowd
2,41954092,crowd
2,212038445,crowd
2,198380339,crowd
2,6765365,crowd
2,11221820,crowd
2,149975872,crowd
2,226437965,crowd
2,222712658,crowd
2,9278294,crowd
2,223738717,crowd
2,223646557,crowd
2,47618912,crowd
2,216267622,crowd
2,210561896,crowd
2,227869544,crowd
2,10234731,crowd
2,207401844,crowd
2,131523452,crowd
2,192033663,crowd
2,119628682,crowd
2,98198412,crowd
2,189633429,crowd
2,216955806,crowd
2,33659822,crowd
2,202787758,crowd
2,13702065,crowd
2,216421300,crowd
2,233675700,crowd
2,14390209,crowd
2,190026711,crowd
2,229188569,crowd
2,208350173,crowd
2,51485662,crowd
2,229692381,crowd
2,4088809,crowd
2,38591482,crowd
2,208176128,crowd
2,140274692,crowd
2,193248264,crowd
2,91626512,crowd
2,198188049,crowd
2,111592472,crowd
2,190147610,crowd
2,213568542,crowd
2,204524586,crowd
2,7726130,crowd
2,3380276,crowd
2,205704257,crowd
2,154920002,crowd
2,14160964,crowd
2,124310602,crowd
2,81970252,crowd
2,206296158,crowd
2,9340001,crowd
2,126323812,crowd
2,185422955,crowd
2,184792175,crowd
2,201774191,crowd
2,10083446,crowd
2,72379512,crowd
2,100099192,crowd
2,59892862,crowd
2,221385858,crowd
2,215876742,crowd
2,216034438,crowd
2,205677713,crowd
2,198067348,crowd
2,83029142,crowd
2,183223448,crowd
2,192965786,crowd
2,49743012,crowd
2,13667508,crowd
2,229717183,crowd
2,183297218,crowd
2,207287492,crowd
2,209407174,crowd
2,45178062,crowd
2,213200089,crowd
2,81196252,crowd
2,185591004,crowd
2,189574367,crowd
2,35218662,crowd
2,212577516,crowd
2,58756332,crowd
2,5985520,crowd
2,195757297,crowd
2,235689203,crowd
2,82238712,crowd
2,218975482,crowd
2,103496962,crowd
2,152786182,crowd
2,46486792,crowd
2,220902665,crowd
2,225555724,crowd
2,115037452,crowd
2,207265038,crowd
2,161041682,crowd
2,191966482,crowd
2,220867862,crowd
2,3710232,crowd
2,188527897,crowd
2,190717209,crowd
2,182574366,crowd
2,205874466,crowd
2,53695782,crowd
2,190055719,crowd
2,10716469,crowd
2,43871542,crowd
2,188671296,crowd
2,221259073,crowd
2,212770120,crowd
2,218062154,crowd
2,58619242,crowd
2,28245362,crowd
2,14173571,crowd
2,211363204,crowd
2,11462026,crowd
2,202597783,crowd
2,207420826,crowd
2,3614107,crowd
2,212108700,crowd
2,11742625,crowd
2,197066151,crowd
2,35235252,crowd
2,9831878,crowd
2,8979910,crowd
2,10743245,crowd
2,140103122,crowd
2,96869842,crowd
2,113362402,crowd
2,9999847,crowd
2,118484462,crowd
2,216780271,crowd
2,8809972,crowd
2,216927741,crowd
2,205954558,crowd
2,11107841,crowd
2,210818574,crowd
2,113655312,crowd
2,208352792,crowd
2,10055195,crowd
2,224165408,crowd
2,208188965,crowd
2,208389674,crowd
2,229418539,crowd
2,9043499,crowd
2,208125485,crowd
2,182763054,crowd
2,58682932,crowd
2,225949237,crowd
2,209432118,crowd
2,206624315,crowd
2,195288637,crowd
2,206282306,crowd
2,223348295,crowd
2,211621454,crowd
2,2573903,crowd
2,216186447,crowd
2,199104094,crowd
2,41473632,crowd
2,34633322,crowd
2,211377778,crowd
2,104091252,crowd
2,70403712,crowd
2,233387655,crowd
2,179019412,crowd
2,183015093,crowd
2,198399671,crowd
2,9475768,crowd
2,187025081,crowd
2,9422523,crowd
2,17319611,crowd
2,219764412,crowd
2,4720318,crowd
2,204097214,crowd
2,227530431,crowd
2,188589763,crowd
2,209360581,crowd
2,32671432,crowd
2,50452172,crowd
2,74272472,crowd
2,161847002,crowd
2,62662372,crowd
2,9455335,crowd
2,217476844,crowd
2,211400429,crowd
2,10514162,crowd
2,10878718,crowd
2,189431560,crowd
2,28294922,crowd
2,6055703,crowd
2,177731352,crowd
2,202919711,crowd
2,221724454,crowd
2,204318533,crowd
2,31901512,crowd
2,1726285,crowd
2,221830992,crowd
2,72367952,crowd
2,13614935,crowd
2,11173720,crowd
2,224483168,crowd
2,221437801,crowd
2,186247021,crowd
2,190076793,crowd
2,183119747,crowd
2,5166997,crowd
2,211611544,crowd
2,110905242,crowd
2,5838751,crowd
2,198309808,crowd
2,214323124,crowd
2,13260727,crowd
2,137230272,crowd
2,238696387,crowd
2,192419782,crowd
2,216092618,crowd
2,45002702,crowd
2,206280668,crowd
2,237311969,crowd
2,187496418,crowd
2,8869875,crowd
2,226897907,crowd
2,196614133,crowd
2,195569654,crowd
2,217679870,crowd
2,228655199,people
2,210011139,people
2,213008387,people
2,13018119,people
2,30936082,people
2,26706942,people
2,227805212,people
2,172136492,people
2,205502516,people
2,206590005,people
2,149104712,people
2,3834957,people
2,53054542,people
2,53452882,people
2,21489751,people
2,93765722,people
2,184029284,people
2,100333672,people
2,14631019,people
2,202105967,people
2,97593462,people
2,10575998,people
2,4695167,people
2,48947332,people
2,224332940,people
2,188179597,people
2,106513552,people
2,7631008,people
2,189350049,people
2,197068964,people
2,188534952,people
2,185881770,people
2,7599276,people
2,155052242,people
2,185407708,people
2,205196518,people
2,207298792,people
2,208853225,people
2,190211306,people
2,185439469,people
2,178011382,people
2,197934327,people
2,66358532,people
2,201497860,people
2,9611536,people
2,207293721,people
2,11778333,people
2,20531501,people
2,198499631,people
2,207854895,people
2,195896627,people
2,190896444,people
2,205576520,people
2,16136521,people
2,184530249,people
2,213226825,people
2,229030228,people
2,205933914,people
2,223569254,people
2,199930215,people
2,227770731,people
2,182531437,people
2,194629997,people
2,150039922,people
2,206922099,people
2,73959802,people
2,7227770,people
2,185576827,people
2,189671808,people
2,83808642,people
2,214078851,people
2,190044564,people
2,203912599,people
2,13587871,people
2,218064297,people
2,144590252,people
2,12098992,people
2,25185712,people
2,185471408,people
2,227981745,people
2,182997429,people
2,61238712,people
2,6779322,people
2,198894011,people
2,101674432,people
2,59738562,people
2,14621123,people
2,219462083,people
2,230279623,people
2,123283912,people
2,213028297,people
2,183783884,people
2,220831181,people
2,28045782,people
2,192668123,people
2,12394991,people
2,211479025,people
2,215293429,people
2,201647608,people
2,202684920,people
2,189837818,people
2,198733304,people
2,229115387,people
2,14105085,people
2,63998462,people
2,14607883,people
2,186378767,people
2,59475472,people
2,57803282,people
2,8403475,people
2,9124374,people
2,220768796,people
2,14415392,people
2,218470947,people
2,182751789,people
2,29493812,people
2,161786432,people
2,214146636,people
2,216018514,people
2,10596950,people
2,73895512,people
2,15298141,people
2,191098462,people
2,183423583,people
2,196945510,people
2,179364462,people
2,176407152,people
2,199012976,people
2,186662514,people
2,195203706,people
2,108678782,people
2,199842432,people
2,9795205,people
2,9246344,people
2,413321,people
2,226206347,people
2,226058893,people
2,7964302,people
2,198394510,people
2,158069392,people
2,13379218,people
2,136264352,people
2,7984807,people
2,209843887,people
2,224808631,people
2,13533889,people
2,186137286,people
2,216963792,people
2,164229842,people
2,183381715,people
2,60613332,people
2,193563349,people
2,209378020,people
2,6595301,people
2,214482662,people
2,185874155,people
2,228677357,people
2,228848370,people
2,173228792,people
2,30753532,people
2,119562002,people
2,166085402,people
2,13815593,people
2,13125423,people
2,6841143,people
2,196792121,people
2,105594682,people
2,112175942,people
2,106022732,people
2,189613918,people
2,11114354,people
2,224506741,people
2,93868922,people
2,137821062,people
2,233754508,people
2,189397906,people
2,91021212,people
2,74011552,people
2,201161632,people
2,221735839,people
2,226111392,people
2,234595237,people
2,6042535,people
2,4128698,people
2,130952122,people
2,230694847,people
2,232869824,people
2,19658701,people
2,121615312,people
2,224399317,people
2,214844397,people
2,11901946,people
2,111622142,people
2,213745765,people
2,197928971,people
2,11863051,people
2,184231948,people
2,92069902,people
2,183847951,people
2,105281552,people
2,205708300,people
2,209074193,people
2,201314326,people
2,200526872,people
2,221789220,people
2,220484652,people
2,210934831,people
2,35074102,people
2,24446012,people
2,225240127,people
2,10261574,people
2,195158087,people
2,185909326,people
2,201390176,people
2,227700839,people
2,198396008,people
2,211709033,people
2,215523433,people
2,12896366,people
2,210080880,people
2,212933746,people
2,13985911,people
2,205305981,people
2,198097027,people
2,207006853,people
2,194290824,people
2,192364686,people
2,236261522,people
2,19452051,people
2,13724820,people
2,219048088,people
2,221314205,people
2,212623518,people
2,214769824,people
2,214184103,people
2,160278702,people
2,76402872,people
2,187749564,people
2,192229571,people
2,201336011,people
2,216459467,people
2,207762638,people
2,202656982,people
2,219747546,people
2,213445859,people
2,197731563,people
2,230942958,people
2,4801776,people
2,233679088,people
2,201454843,people
2,185489661,people
2,217228541,people
2,195435788,people
2,231331086,people
2,54215962,people
2,215840029,people
2,222348578,people
2,15519011,people
2,6770985,people
2,219288875,people
2,185565488,people
2,205993266,people
2,203314488,people
2,3914044,people
2,222831936,people
2,215738689,people
2,231313741,people
2,217865556,people
2,32741722,people
2,216750436,people
2,206096745,people
2,187174255,people
2,213405039,people
2,195523953,people
2,207502711,people
2,211053955,people
2,3190152,people
2,220850569,people
2,55696782,people
2,227473810,people
2,229691807,people
2,231316897,people
2,217723299,people
2,191112612,people
2,128294312,people
2,182121902,people
2,87567792,people
2,210754994,people
2,224243134,people
3,195657825,influencer
3,14670871,crowd
3,81247262,crowd
3,225795116,crowd
3,194923584,crowd
3,193256517,crowd
3,182873170,crowd
3,22535251,crowd
3,198233173,crowd
3,204655705,crowd
3,205233254,crowd
3,228998249,crowd
3,14486634,crowd
3,104160362,crowd
3,231320697,crowd
3,134601852,crowd
3,206261374,crowd
3,208813186,crowd
3,220028036,crowd
3,146791582,crowd
3,128674982,crowd
3,14687401,crowd
3,183528621,crowd
3,7670958,crowd
3,192867505,crowd
3,198548663,crowd
3,192404675,crowd
3,202566856,crowd
3,15359191,crowd
3,197901531,crowd
3,209775846,crowd
3,232746220,crowd
3,6515953,crowd
3,192863475,crowd
3,8813813,crowd
3,200043768,crowd
3,156626172,crowd
3,83381502,crowd
3,53566722,crowd
3,8346884,crowd
3,60857612,crowd
3,206843171,crowd
3,206400804,crowd
3,228125989,crowd
3,206900520,crowd
3,163802412,crowd
3,206286130,crowd
3,223333685,crowd
3,113528122,crowd
3,210058571,crowd
3,12266827,crowd
3,49724752,crowd
3,196386128,crowd
3,93060442,crowd
3,138128732,crowd
3,44903772,crowd
3,197541214,crowd
3,206159203,crowd
3,204184942,crowd
3,62106992,crowd
3,215952752,crowd
3,5655924,crowd
3,107126142,crowd
3,94461312,crowd
3,13962628,crowd
3,196271495,crowd
3,167296392,crowd
3,193752457,crowd
3,195390861,crowd
3,138382742,crowd
3,184704407,crowd
3,10026392,crowd
3,12258718,crowd
3,231812516,crowd
3,203836837,crowd
3,190672293,crowd
3,195145131,crowd
3,228625838,crowd
3,206179761,crowd
3,210931124,crowd
3,13991355,crowd
3,150289852,crowd
3,221838783,crowd
3,191765963,crowd
3,59162062,crowd
3,184999379,crowd
3,100343252,crowd
3,163565012,crowd
3,230837722,crowd
3,211840475,crowd
3,146451932,crowd
3,207023582,crowd
3,201948638,crowd
3,198385125,crowd
3,207908326,crowd
3,200695272,crowd
3,114757102,crowd
3,30854652,crowd
3,208625151,crowd
3,237567497,crowd
3,59264522,crowd
3,184626697,crowd
3,221998611,crowd
3,11247133,crowd
3,221191725,crowd
3,5652014,crowd
3,224386605,crowd
3,223055408,crowd
3,181292592,crowd
3,188857906,crowd
3,200625715,crowd
3,205270580,crowd
3,231054908,crowd
3,189718080,crowd
3,3612228,crowd
3,205233737,crowd
3,14229085,crowd
3,191233632,crowd
3,196669034,crowd
3,207240812,crowd
3,65072762,crowd
3,217714304,crowd
3,197598849,crowd
3,184012417,crowd
3,136097412,crowd
3,211086982,crowd
3,230669960,crowd
3,11808392,crowd
3,194875027,crowd
3,198385300,crowd
3,185790102,crowd
3,84201112,crowd
3,213073561,crowd
3,200498845,crowd
3,183799454,crowd
3,188649123,crowd
3,206835363,crowd
3,229519013,crowd
3,120147622,crowd
3,59465382,crowd
3,226393774,crowd
3,144256692,crowd
3,191159999,crowd
3,14225093,crowd
3,212623048,crowd
3,16019151,crowd
3,113798872,crowd
3,194338521,crowd
3,186187494,crowd
3,220225255,crowd
3,51490542,crowd
3,103288562,crowd
3,188567282,crowd
3,10743543,crowd
3,9219838,crowd
3,200052480,crowd
3,158002952,crowd
3,4353803,crowd
3,214241035,crowd
3,199499533,crowd
3,205913902,crowd
3,187273009,crowd
3,220843827,crowd
3,108670772,crowd
3,208174900,crowd
3,184991548,crowd
3,198205248,crowd
3,187256640,crowd
3,43712322,crowd
3,78520132,crowd
3,186904388,crowd
3,189685577,crowd
3,203468630,crowd
3,18943841,crowd
3,205496163,crowd
3,203730789,crowd
3,8785766,crowd
3,192229223,crowd
3,197234536,crowd
3,188100470,crowd
3,49397622,crowd
3,6057849,crowd
3,149172092,crowd
3,175300482,crowd
3,3436418,crowd
3,196095880,crowd
3,208965513,crowd
3,208015243,crowd
3,158465932,crowd
3,54914962,crowd
3,225509283,crowd
3,185409444,crowd
3,156270502,crowd
3,192032680,crowd
3,130158522,crowd
3,188190655,crowd
3,230285247,crowd
3,230969285,crowd
3,225226693,crowd
3,200548296,crowd
3,188530638,crowd
3,227524561,crowd
3,188010474,crowd
3,216489965,crowd
3,6758382,crowd
3,11149295,crowd
3,202424309,crowd
3,233426938,crowd
3,209453152,influencer
3,128991232,crowd
3,146040842,crowd
3,188194830,crowd
3,226779164,crowd
3,137420832,crowd
3,140965932,crowd
3,211365934,crowd
3,201822256,crowd
3,98742322,crowd
3,20238391,crowd
3,199290936,crowd
3,215619639,crowd
3,13547579,crowd
3,199602237,crowd
3,14532681,crowd
3,188297294,crowd
3,21563471,crowd
3,156086352,crowd
3,187254868,crowd
3,38506582,crowd
3,56997982,crowd
3,9105503,crowd
3,221423715,crowd
3,7485542,crowd
3,148211832,crowd
3,12505220,crowd
3,190939281,crowd
3,81924252,crowd
3,95860892,crowd
3,187639969,crowd
3,2179235,crowd
3,198066340,crowd
3,129122472,crowd
3,12925101,crowd
3,202119345,crowd
3,207370422,crowd
3,191758521,crowd
3,82284732,crowd
3,29532352,crowd
3,10758349,crowd
3,216723661,crowd
3,43573462,crowd
3,203055322,crowd
3,220555487,crowd
3,174031072,crowd
3,210137314,crowd
3,33155302,crowd
3,14051566,crowd
3,224954611,crowd
3,159654132,crowd
3,1962233,crowd
3,189401341,crowd
3,208840957,crowd
3,208066820,crowd
3,217663750,crowd
3,10066189,crowd
3,208083240,crowd
3,187572521,crowd
3,209099058,crowd
3,6961459,crowd
3,210807107,crowd
3,203192644,crowd
3,188348741,crowd
3,198117708,crowd
3,109089102,crowd
3,185532751,crowd
3,8921426,crowd
3,191512916,crowd
3,37118292,crowd
3,213901653,crowd
3,174057822,crowd
3,191220068,crowd
3,45298022,crowd
3,13678954,crowd
3,7559534,crowd
3,15284591,crowd
3,215179635,crowd
3,194742643,crowd
3,191621498,crowd
3,211190144,crowd
3,5173635,crowd
3,28608902,crowd
3,93983122,crowd
3,207499677,crowd
3,228370847,crowd
3,41855402,crowd
3,146112942,crowd
3,210649524,crowd
3,635319,crowd
3,13273531,crowd
3,5579198,crowd
3,220297664,crowd
3,8079808,crowd
3,71424452,crowd
3,150907332,crowd
3,6603223,crowd
3,208253400,crowd
3,10553819,crowd
3,229693920,crowd
3,209660386,crowd
3,190761456,crowd
3,130988532,crowd
3,205535742,crowd
3,13687304,crowd
3,226310667,crowd
3,64455192,crowd
3,226128410,crowd
3,207583772,crowd
3,32809502,crowd
3,224336417,crowd
3,195951151,crowd
3,125274672,crowd
3,53516852,crowd
3,211006026,crowd
3,233859668,crowd
3,110832222,crowd
3,137261662,crowd
3,195301990,crowd
3,212243049,crowd
3,179884652,crowd
3,227414637,crowd
3,222288505,crowd
3,212054650,crowd
3,177009282,crowd
3,209447556,crowd
3,229831302,crowd
3,85715592,crowd
3,13582987,crowd
3,11416204,crowd
3,184586892,crowd
3,200790668,crowd
3,8473236,crowd
3,201800343,crowd
3,33198752,crowd
3,121705122,crowd
3,195574437,crowd
3,4602540,crowd
3,57041582,crowd
3,181531312,crowd
3,183556787,crowd
3,9702068,crowd
3,44927672,crowd
3,228682424,crowd
3,223312572,crowd
3,196725445,crowd
3,58950342,crowd
3,207563463,crowd
3,12229328,crowd
3,109826772,crowd
3,195654361,crowd
3,9745115,crowd
3,13501170,crowd
3,161561332,crowd
3,205257465,crowd
3,137411322,crowd
3,33628922,crowd
3,207788795,crowd
3,203281152,crowd
3,227480320,crowd
3,209216260,crowd
3,12757769,crowd
3,99924752,crowd
3,40221462,crowd
3,213568281,crowd
3,200735518,crowd
3,223910698,crowd
3,41954092,crowd
3,212038445,crowd
3,198380339,crowd
3,6765365,crowd
3,11221820,crowd
3,149975872,crowd
3,226437965,crowd
3,222712658,crowd
3,9278294,crowd
3,223738717,crowd
3,223646557,crowd
3,47618912,crowd
3,216267622,crowd
3,210561896,crowd
3,227869544,crowd
3,10234731,crowd
3,207401844,crowd
3,131523452,crowd
3,192033663,crowd
3,119628682,crowd
3,98198412,crowd
3,189633429,crowd
3,216955806,crowd
3,33659822,crowd
3,202787758,crowd
3,13702065,crowd
3,216421300,crowd
3,233675700,crowd
3,14390209,crowd
3,190026711,crowd
3,229188569,crowd
3,208350173,crowd
3,51485662,crowd
3,229692381,crowd
3,4088809,crowd
3,38591482,crowd
3,208176128,crowd
3,140274692,crowd
3,193248264,crowd
3,91626512,crowd
3,198188049,crowd
3,111592472,crowd
3,190147610,crowd
3,213568542,crowd
3,204524586,crowd
3,7726130,crowd
3,3380276,crowd
3,205704257,crowd
3,154920002,crowd
3,14160964,crowd
3,124310602,crowd
3,81970252,crowd
3,206296158,crowd
3,9340001,crowd
3,126323812,crowd
3,185422955,crowd
3,184792175,crowd
3,201774191,crowd
3,10083446,crowd
3,72379512,crowd
3,100099192,crowd
3,59892862,crowd
3,221385858,crowd
3,215876742,crowd
3,216034438,crowd
3,205677713,crowd
3,198067348,crowd
3,83029142,crowd
3,183223448,crowd
3,192965786,crowd
3,49743012,crowd
3,13667508,crowd
3,229717183,crowd
3,183297218,crowd
3,207287492,crowd
3,209407174,crowd
3,45178062,crowd
3,213200089,crowd
3,81196252,crowd
3,185591004,crowd
3,189574367,crowd
3,35218662,crowd
3,212577516,crowd
3,58756332,crowd
3,5985520,crowd
3,195757297,crowd
3,235689203,crowd
3,82238712,crowd
3,218975482,crowd
3,103496962,crowd
3,152786182,crowd
3,46486792,crowd
3,220902665,crowd
3,225555724,crowd
3,115037452,crowd
3,207265038,crowd
3,161041682,crowd
3,191966482,crowd
3,220867862,crowd
3,3710232,crowd
3,188527897,crowd
3,190717209,crowd
3,182574366,crowd
3,205874466,crowd
3,53695782,crowd
3,190055719,crowd
3,10716469,crowd
3,43871542,crowd
3,188671296,crowd
3,221259073,crowd
3,212770120,crowd
3,218062154,crowd
3,58619242,crowd
3,28245362,crowd
3,14173571,crowd
3,211363204,crowd
3,11462026,crowd
3,202597783,crowd
3,207420826,crowd
3,3614107,crowd
3,212108700,crowd
3,11742625,crowd
3,197066151,crowd
3,35235252,crowd
3,9831878,crowd
3,8979910,crowd
3,10743245,crowd
3,140103122,crowd
3,96869842,crowd
3,113362402,crowd
3,9999847,crowd
3,118484462,crowd
3,216780271,crowd
3,8809972,crowd
3,216927741,crowd
3,205954558,crowd
3,11107841,crowd
3,210818574,crowd
3,113655312,crowd
3,208352792,crowd
3,10055195,crowd
3,224165408,crowd
3,208188965,crowd
3,208389674,crowd
3,229418539,crowd
3,9043499,crowd
3,208125485,crowd
3,182763054,crowd
3,58682932,crowd
3,225949237,crowd
3,209432118,crowd
3,206624315,crowd
3,195288637,crowd
3,206282306,crowd
3,223348295,crowd
3,211621454,crowd
3,2573903,crowd
3,216186447,crowd
3,199104094,crowd
3,41473632,crowd
3,34633322,crowd
3,211377778,crowd
3,104091252,crowd
3,70403712,crowd
3,233387655,crowd
3,179019412,crowd
3,183015093,crowd
3,198399671,crowd
3,9475768,crowd
3,187025081,crowd
3,9422523,crowd
3,17319611,crowd
3,219764412,crowd
3,4720318,crowd
3,204097214,crowd
3,227530431,crowd
3,188589763,crowd
3,209360581,crowd
3,32671432,crowd
3,50452172,crowd
3,74272472,crowd
3,161847002,crowd
3,62662372,crowd
3,9455335,crowd
3,217476844,crowd
3,211400429,crowd
3,10514162,crowd
3,10878718,crowd
3,189431560,crowd
3,28294922,crowd
3,6055703,crowd
3,177731352,crowd
3,202919711,crowd
3,221724454,crowd
3,204318533,crowd
3,31901512,crowd
3,1726285,crowd
3,221830992,crowd
3,72367952,crowd
3,13614935,crowd
3,11173720,crowd
3,224483168,crowd
3,221437801,crowd
3,186247021,crowd
3,190076793,crowd
3,183119747,crowd
3,5166997,crowd
3,211611544,crowd
3,110905242,crowd
3,5838751,crowd
3,198309808,crowd
3,214323124,crowd
3,13260727,crowd
3,137230272,crowd
3,238696387,crowd
3,192419782,crowd
3,216092618,crowd
3,45002702,crowd
3,206280668,crowd
3,237311969,crowd
3,187496418,crowd
3,8869875,crowd
3,226897907,crowd
3,196614133,crowd
3,195569654,crowd
3,217679870,crowd
3,228655199,influencer
3,210011139,crowd
3,213008387,crowd
3,13018119,crowd
3,30936082,crowd
3,26706942,crowd
3,227805212,crowd
3,172136492,crowd
3,205502516,crowd
3,206590005,crowd
3,149104712,crowd
3,3834957,crowd
3,53054542,crowd
3,53452882,crowd
3,21489751,crowd
3,93765722,crowd
3,184029284,crowd
3,100333672,crowd
3,14631019,crowd
3,202105967,crowd
3,97593462,crowd
3,10575998,crowd
3,4695167,crowd
3,48947332,crowd
3,224332940,crowd
3,188179597,crowd
3,106513552,crowd
3,7631008,crowd
3,189350049,crowd
3,197068964,crowd
3,188534952,crowd
3,185881770,crowd
3,7599276,crowd
3,155052242,crowd
3,185407708,crowd
3,205196518,crowd
3,207298792,crowd
3,208853225,crowd
3,190211306,crowd
3,185439469,crowd
3,178011382,crowd
3,197934327,crowd
3,66358532,crowd
3,201497860,crowd
3,9611536,crowd
3,207293721,crowd
3,11778333,crowd
3,20531501,crowd
3,198499631,crowd
3,207854895,crowd
3,195896627,crowd
3,190896444,crowd
3,205576520,crowd
3,16136521,crowd
3,184530249,crowd
3,213226825,crowd
3,229030228,crowd
3,205933914,crowd
3,223569254,crowd
3,199930215,crowd
3,227770731,crowd
3,182531437,crowd
3,194629997,crowd
3,150039922,crowd
3,206922099,crowd
3,73959802,crowd
3,7227770,crowd
3,185576827,crowd
3,189671808,crowd
3,83808642,crowd
3,214078851,crowd
3,190044564,crowd
3,203912599,crowd
3,13587871,crowd
3,218064297,crowd
3,144590252,crowd
3,12098992,crowd
3,25185712,crowd
3,185471408,crowd
3,227981745,crowd
3,182997429,crowd
3,61238712,crowd
3,6779322,crowd
3,198894011,crowd
3,101674432,crowd
3,59738562,crowd
3,14621123,crowd
3,219462083,crowd
3,230279623,crowd
3,123283912,crowd
3,213028297,crowd
3,183783884,crowd
3,220831181,crowd
3,28045782,crowd
3,192668123,crowd
3,12394991,crowd
3,211479025,crowd
3,215293429,crowd
3,201647608,crowd
3,202684920,crowd
3,189837818,crowd
3,198733304,crowd
3,229115387,crowd
3,14105085,crowd
3,63998462,crowd
3,14607883,crowd
3,186378767,crowd
3,59475472,crowd
3,57803282,crowd
3,8403475,crowd
3,9124374,crowd
3,220768796,crowd
3,14415392,crowd
3,218470947,crowd
3,182751789,crowd
3,29493812,crowd
3,161786432,crowd
3,214146636,crowd
3,216018514,crowd
3,10596950,crowd
3,73895512,crowd
3,15298141,crowd
3,191098462,crowd
3,183423583,crowd
3,196945510,crowd
3,179364462,crowd
3,176407152,crowd
3,199012976,crowd
3,186662514,crowd
3,195203706,crowd
3,108678782,crowd
3,199842432,crowd
3,9795205,crowd
3,9246344,crowd
3,413321,crowd
3,226206347,crowd
3,226058893,crowd
3,7964302,crowd
3,198394510,crowd
3,158069392,crowd
3,13379218,crowd
3,136264352,crowd
3,7984807,crowd
3,209843887,crowd
3,224808631,crowd
3,13533889,crowd
3,186137286,crowd
3,216963792,crowd
3,164229842,crowd
3,183381715,crowd
3,60613332,crowd
3,193563349,crowd
3,209378020,crowd
3,6595301,crowd
3,214482662,crowd
3,185874155,crowd
3,228677357,crowd
3,228848370,crowd
3,173228792,crowd
3,30753532,crowd
3,119562002,crowd
3,166085402,crowd
3,13815593,crowd
3,13125423,crowd
3,6841143,crowd
3,196792121,crowd
3,105594682,crowd
3,112175942,crowd
3,106022732,crowd
3,189613918,crowd
3,11114354,crowd
3,224506741,crowd
3,93868922,crowd
3,137821062,crowd
3,233754508,crowd
3,189397906,crowd
3,91021212,crowd
3,74011552,crowd
3,201161632,crowd
3,221735839,crowd
3,226111392,crowd
3,234595237,crowd
3,6042535,crowd
3,4128698,crowd
3,130952122,crowd
3,230694847,crowd
3,232869824,crowd
3,19658701,crowd
3,121615312,crowd
3,224399317,crowd
3,214844397,crowd
3,11901946,crowd
3,111622142,crowd
3,213745765,people
3,197928971,people
3,11863051,people
3,184231948,people
3,92069902,people
3,183847951,people
3,105281552,people
3,205708300,people
3,209074193,people
3,201314326,people
3,200526872,people
3,221789220,people
3,220484652,people
3,210934831,people
3,35074102,people
3,24446012,people
3,225240127,people
3,10261574,people
3,195158087,people
3,185909326,people
3,201390176,people
3,227700839,people
3,198396008,people
3,211709033,people
3,215523433,people
3,12896366,people
3,210080880,people
3,212933746,people
3,13985911,people
3,205305981,people
3,198097027,people
3,207006853,people
3,194290824,people
3,192364686,people
3,236261522,people
3,19452051,people
3,13724820,people
3,219048088,people
3,221314205,people
3,212623518,people
3,214769824,people
3,214184103,people
3,160278702,people
3,76402872,people
3,187749564,people
3,192229571,people
3,201336011,people
3,216459467,people
3,207762638,people
3,202656982,people
3,219747546,people
3,213445859,people
3,197731563,people
3,230942958,people
3,4801776,people
3,233679088,people
3,201454843,people
3,185489661,people
3,217228541,people
3,195435788,people
3,231331086,people
3,54215962,people
3,215840029,people
3,222348578,people
3,15519011,people
3,6770985,people
3,219288875,people
3,185565488,people
3,205993266,people
3,203314488,people
3,3914044,people
3,222831936,people
3,215738689,people
3,231313741,people
3,217865556,people
3,32741722,people
3,216750436,people
3,206096745,people
3,187174255,people
3,213405039,people
3,195523953,people
3,207502711,people
3,211053955,people
3,3190152,people
3,220850569,people
3,55696782,people
3,227473810,people
3,229691807,people
3,231316897,people
3,217723299,people
3,191112612,people
3,128294312,people
3,182121902,people
3,87567792,people
3,210754994,people
3,224243134,people
4,195657825,influencer
4,14670871,crowd
4,81247262,crowd
4,225795116,crowd
4,194923584,crowd
4,193256517,crowd
4,182873170,crowd
4,22535251,crowd
4,198233173,crowd
4,204655705,crowd
4,205233254,crowd
4,228998249,crowd
4,14486634,crowd
4,104160362,crowd
4,231320697,crowd
4,134601852,crowd
4,206261374,crowd
4,208813186,crowd
4,220028036,crowd
4,146791582,crowd
4,128674982,crowd
4,14687401,crowd
4,183528621,crowd
4,7670958,crowd
4,192867505,crowd
4,198548663,crowd
4,192404675,crowd
4,202566856,crowd
4,15359191,crowd
4,197901531,crowd
4,209775846,crowd
4,232746220,crowd
4,6515953,crowd
4,192863475,crowd
4,8813813,crowd
4,200043768,crowd
4,156626172,crowd
4,83381502,crowd
4,53566722,crowd
4,8346884,crowd
4,60857612,crowd
4,206843171,crowd
4,206400804,crowd
4,228125989,crowd
4,206900520,crowd
4,163802412,crowd
4,206286130,crowd
4,223333685,crowd
4,113528122,crowd
4,210058571,crowd
4,12266827,crowd
4,49724752,crowd
4,196386128,crowd
4,93060442,crowd
4,138128732,crowd
4,44903772,crowd
4,197541214,crowd
4,206159203,crowd
4,204184942,crowd
4,62106992,crowd
4,215952752,crowd
4,5655924,crowd
4,107126142,crowd
4,94461312,crowd
4,13962628,crowd
4,196271495,crowd
4,167296392,crowd
4,193752457,crowd
4,195390861,crowd
4,138382742,crowd
4,184704407,crowd
4,10026392,crowd
4,12258718,crowd
4,231812516,crowd
4,203836837,crowd
4,190672293,crowd
4,195145131,crowd
4,228625838,crowd
4,206179761,crowd
4,210931124,crowd
4,13991355,crowd
4,150289852,crowd
4,221838783,crowd
4,191765963,crowd
4,59162062,crowd
4,184999379,crowd
4,100343252,crowd
4,163565012,crowd
4,230837722,crowd
4,211840475,crowd
4,146451932,crowd
4,207023582,crowd
4,201948638,crowd
4,198385125,crowd
4,207908326,crowd
4,200695272,crowd
4,114757102,crowd
4,30854652,crowd
4,208625151,crowd
4,237567497,crowd
4,59264522,crowd
4,184626697,crowd
4,221998611,crowd
4,11247133,crowd
4,221191725,crowd
4,5652014,crowd
4,224386605,crowd
4,223055408,crowd
4,181292592,crowd
4,188857906,crowd
4,200625715,crowd
4,205270580,crowd
4,231054908,crowd
4,189718080,crowd
4,3612228,crowd
4,205233737,crowd
4,14229085,crowd
4,191233632,crowd
4,196669034,crowd
4,207240812,crowd
4,65072762,crowd
4,217714304,crowd
4,197598849,crowd
4,184012417,crowd
4,136097412,crowd
4,211086982,crowd
4,230669960,crowd
4,11808392,crowd
4,194875027,crowd
4,198385300,crowd
4,185790102,crowd
4,84201112,crowd
4,213073561,crowd
4,200498845,crowd
4,183799454,crowd
4,188649123,crowd
4,206835363,crowd
4,229519013,crowd
4,120147622,crowd
4,59465382,crowd
4,226393774,crowd
4,144256692,crowd
4,191159999,crowd
4,14225093,crowd
4,212623048,crowd
4,16019151,crowd
4,113798872,crowd
4,194338521,crowd
4,186187494,crowd
4,220225255,crowd
4,51490542,crowd
4,103288562,crowd
4,188567282,crowd
4,10743543,crowd
4,9219838,crowd
4,200052480,crowd
4,158002952,crowd
4,4353803,crowd
4,214241035,crowd
4,199499533,crowd
4,205913902,crowd
4,187273009,crowd
4,220843827,crowd
4,108670772,crowd
4,208174900,crowd
4,184991548,crowd
4,198205248,crowd
4,187256640,crowd
4,43712322,crowd
4,78520132,crowd
4,186904388,crowd
4,189685577,crowd
4,203468630,crowd
4,18943841,crowd
4,205496163,crowd
4,203730789,crowd
4,8785766,crowd
4,192229223,crowd
4,197234536,crowd
4,188100470,crowd
4,49397622,crowd
4,6057849,crowd
4,149172092,crowd
4,175300482,crowd
4,3436418,crowd
4,196095880,crowd
4,208965513,crowd
4,208015243,crowd
4,158465932,crowd
4,54914962,crowd
4,225509283,crowd
4,185409444,crowd
4,156270502,crowd
4,192032680,crowd
4,130158522,crowd
4,188190655,crowd
4,230285247,crowd
4,230969285,crowd
4,225226693,crowd
4,200548296,crowd
4,188530638,crowd
4,227524561,crowd
4,188010474,crowd
4,216489965,crowd
4,6758382,crowd
4,11149295,crowd
4,202424309,crowd
4,233426938,crowd
4,209453152,influencer
4,128991232,crowd
4,146040842,crowd
4,188194830,crowd
4,226779164,crowd
4,137420832,crowd
4,140965932,crowd
4,211365934,crowd
4,201822256,crowd
4,98742322,crowd
4,20238391,crowd
4,199290936,crowd
4,215619639,crowd
4,13547579,crowd
4,199602237,crowd
4,14532681,crowd
4,188297294,crowd
4,21563471,crowd
4,156086352,crowd
4,187254868,crowd
4,38506582,crowd
4,56997982,crowd
4,9105503,crowd
4,221423715,crowd
4,7485542,crowd
4,148211832,crowd
4,12505220,crowd
4,190939281,crowd
4,81924252,crowd
4,95860892,crowd
4,187639969,crowd
4,2179235,crowd
4,198066340,crowd
4,129122472,crowd
4,12925101,crowd
4,202119345,crowd
4,207370422,crowd
4,191758521,crowd
4,82284732,crowd
4,29532352,crowd
4,10758349,crowd
4,216723661,crowd
4,43573462,crowd
4,203055322,crowd
4,220555487,crowd
4,174031072,crowd
4,210137314,crowd
4,33155302,crowd
4,14051566,crowd
4,224954611,crowd
4,159654132,crowd
4,1962233,crowd
4,189401341,crowd
4,208840957,crowd
4,208066820,crowd
4,217663750,crowd
4,10066189,crowd
4,208083240,crowd
4,187572521,crowd
4,209099058,crowd
4,6961459,crowd
4,210807107,crowd
4,203192644,crowd
4,188348741,crowd
4,198117708,crowd
4,109089102,crowd
4,185532751,crowd
4,8921426,crowd
4,191512916,crowd
4,37118292,crowd
4,213901653,crowd
4,174057822,crowd
4,191220068,crowd
4,45298022,crowd
4,13678954,crowd
4,7559534,crowd
4,15284591,crowd
4,215179635,crowd
4,194742643,crowd
4,191621498,crowd
4,211190144,crowd
4,5173635,crowd
4,28608902,crowd
4,93983122,crowd
4,207499677,crowd
4,228370847,crowd
4,41855402,crowd
4,146112942,crowd
4,210649524,crowd
4,635319,crowd
4,13273531,crowd
4,5579198,crowd
4,220297664,crowd
4,8079808,crowd
4,71424452,crowd
4,150907332,crowd
4,6603223,crowd
4,208253400,crowd
4,10553819,crowd
4,229693920,crowd
4,209660386,crowd
4,190761456,crowd
4,130988532,crowd
4,205535742,crowd
4,13687304,crowd
4,226310667,crowd
4,64455192,crowd
4,226128410,crowd
4,207583772,crowd
4,32809502,crowd
4,224336417,crowd
4,195951151,crowd
4,125274672,crowd
4,53516852,crowd
4,211006026,crowd
4,233859668,crowd
4,110832222,crowd
4,137261662,crowd
4,195301990,crowd
4,212243049,crowd
4,179884652,crowd
4,227414637,crowd
4,222288505,crowd
4,212054650,crowd
4,177009282,crowd
4,209447556,crowd
4,229831302,crowd
4,85715592,crowd
4,13582987,crowd
4,11416204,crowd
4,184586892,crowd
4,200790668,crowd
4,8473236,crowd
4,201800343,crowd
4,33198752,crowd
4,121705122,crowd
4,195574437,crowd
4,4602540,crowd
4,57041582,crowd
4,181531312,crowd
4,183556787,crowd
4,9702068,crowd
4,44927672,crowd
4,228682424,crowd
4,223312572,crowd
4,196725445,crowd
4,58950342,crowd
4,207563463,crowd
4,12229328,crowd
4,109826772,crowd
4,195654361,crowd
4,9745115,crowd
4,13501170,crowd
4,161561332,crowd
4,205257465,crowd
4,137411322,crowd
4,33628922,crowd
4,207788795,crowd
4,203281152,crowd
4,227480320,crowd
4,209216260,crowd
4,12757769,crowd
4,99924752,crowd
4,40221462,crowd
4,213568281,crowd
4,200735518,crowd
4,223910698,crowd
4,41954092,crowd
4,212038445,crowd
4,198380339,crowd
4,6765365,crowd
4,11221820,crowd
4,149975872,crowd
4,226437965,crowd
4,222712658,crowd
4,9278294,crowd
4,223738717,crowd
4,223646557,crowd
4,47618912,crowd
4,216267622,crowd
4,210561896,crowd
4,227869544,crowd
4,10234731,crowd
4,207401844,crowd
4,131523452,crowd
4,192033663,crowd
4,119628682,crowd
4,98198412,crowd
4,189633429,crowd
4,216955806,crowd
4,33659822,crowd
4,202787758,crowd
4,13702065,crowd
4,216421300,crowd
4,233675700,crowd
4,14390209,crowd
4,190026711,crowd
4,229188569,crowd
4,208350173,crowd
4,51485662,crowd
4,229692381,crowd
4,4088809,crowd
4,38591482,crowd
4,208176128,crowd
4,140274692,crowd
4,193248264,crowd
4,91626512,crowd
4,198188049,crowd
4,111592472,crowd
4,190147610,crowd
4,213568542,crowd
4,204524586,crowd
4,7726130,crowd
4,3380276,crowd
4,205704257,crowd
4,154920002,crowd
4,14160964,crowd
4,124310602,crowd
4,81970252,crowd
4,206296158,crowd
4,9340001,crowd
4,126323812,crowd
4,185422955,crowd
4,184792175,crowd
4,201774191,crowd
4,10083446,crowd
4,72379512,crowd
4,100099192,crowd
4,59892862,crowd
4,221385858,crowd
4,215876742,crowd
4,216034438,crowd
4,205677713,crowd
4,198067348,crowd
4,83029142,crowd
4,183223448,crowd
4,192965786,crowd
4,49743012,crowd
4,13667508,crowd
4,229717183,crowd
4,183297218,crowd
4,207287492,crowd
4,209407174,crowd
4,45178062,crowd
4,213200089,crowd
4,81196252,crowd
4,185591004,crowd
4,189574367,crowd
4,35218662,crowd
4,212577516,crowd
4,58756332,crowd
4,5985520,crowd
4,195757297,crowd
4,235689203,crowd
4,82238712,crowd
4,218975482,crowd
4,103496962,crowd
4,152786182,crowd
4,46486792,crowd
4,220902665,crowd
4,225555724,crowd
4,115037452,crowd
4,207265038,crowd
4,161041682,crowd
4,191966482,crowd
4,220867862,crowd
4,3710232,crowd
4,188527897,crowd
4,190717209,crowd
4,182574366,crowd
4,205874466,crowd
4,53695782,crowd
4,190055719,crowd
4,10716469,crowd
4,43871542,crowd
4,188671296,crowd
4,221259073,crowd
4,212770120,crowd
4,218062154,crowd
4,58619242,crowd
4,28245362,crowd
4,14173571,crowd
4,211363204,crowd
4,11462026,crowd
4,202597783,crowd
4,207420826,crowd
4,3614107,crowd
4,212108700,crowd
4,11742625,crowd
4,197066151,crowd
4,35235252,crowd
4,9831878,crowd
4,8979910,crowd
4,10743245,crowd
4,140103122,crowd
4,96869842,crowd
4,113362402,crowd
4,9999847,crowd
4,118484462,crowd
4,216780271,crowd
4,8809972,crowd
4,216927741,crowd
4,205954558,crowd
4,11107841,crowd
4,210818574,crowd
4,113655312,crowd
4,208352792,crowd
4,10055195,crowd
4,224165408,crowd
4,208188965,crowd
4,208389674,crowd
4,229418539,crowd
4,9043499,crowd
4,208125485,crowd
4,182763054,crowd
4,58682932,crowd
4,225949237,crowd
4,209432118,crowd
4,206624315,crowd
4,195288637,crowd
4,206282306,crowd
4,223348295,crowd
4,211621454,crowd
4,2573903,crowd
4,216186447,crowd
4,199104094,crowd
4,41473632,crowd
4,34633322,crowd
4,211377778,crowd
4,104091252,crowd
4,70403712,crowd
4,233387655,crowd
4,179019412,crowd
4,183015093,crowd
4,198399671,crowd
4,9475768,crowd
4,187025081,crowd
4,9422523,crowd
4,17319611,crowd
4,219764412,crowd
4,4720318,crowd
4,204097214,crowd
4,227530431,crowd
4,188589763,crowd
4,209360581,crowd
4,32671432,crowd
4,50452172,crowd
4,74272472,crowd
4,161847002,crowd
4,62662372,crowd
4,9455335,crowd
4,217476844,crowd
4,211400429,crowd
4,10514162,crowd
4,10878718,crowd
4,189431560,crowd
4,28294922,crowd
4,6055703,crowd
4,177731352,crowd
4,202919711,crowd
4,221724454,crowd
4,204318533,crowd
4,31901512,crowd
4,1726285,crowd
4,221830992,crowd
4,72367952,crowd
4,13614935,crowd
4,11173720,crowd
4,224483168,crowd
4,221437801,crowd
4,186247021,crowd
4,190076793,crowd
4,183119747,crowd
4,5166997,crowd
4,211611544,crowd
4,110905242,crowd
4,5838751,crowd
4,198309808,crowd
4,214323124,crowd
4,13260727,crowd
4,137230272,crowd
4,238696387,crowd
4,192419782,crowd
4,216092618,crowd
4,45002702,crowd
4,206280668,crowd
4,237311969,crowd
4,187496418,crowd
4,8869875,crowd
4,226897907,crowd
4,196614133,crowd
4,195569654,crowd
4,217679870,crowd
4,228655199,influencer
4,210011139,crowd
4,213008387,crowd
4,13018119,crowd
4,30936082,crowd
4,26706942,crowd
4,227805212,crowd
4,172136492,crowd
4,205502516,crowd
4,206590005,crowd
4,149104712,crowd
4,3834957,crowd
4,53054542,crowd
4,53452882,crowd
4,21489751,crowd
4,93765722,crowd
4,184029284,crowd
4,100333672,crowd
4,14631019,crowd
4,202105967,crowd
4,97593462,crowd
4,10575998,crowd
4,4695167,crowd
4,48947332,crowd
4,224332940,crowd
4,188179597,crowd
4,106513552,crowd
4,7631008,crowd
4,189350049,crowd
4,197068964,crowd
4,188534952,crowd
4,185881770,crowd
4,7599276,crowd
4,155052242,crowd
4,185407708,crowd
4,205196518,crowd
4,207298792,crowd
4,208853225,crowd
4,190211306,crowd
4,185439469,crowd
4,178011382,crowd
4,197934327,crowd
4,66358532,crowd
4,201497860,crowd
4,9611536,crowd
4,207293721,crowd
4,11778333,crowd
4,20531501,crowd
4,198499631,crowd
4,207854895,crowd
4,195896627,crowd
4,190896444,crowd
4,205576520,crowd
4,16136521,crowd
4,184530249,crowd
4,213226825,crowd
4,229030228,crowd
4,205933914,crowd
4,223569254,crowd
4,199930215,crowd
4,227770731,crowd
4,182531437,crowd
4,194629997,crowd
4,150039922,crowd
4,206922099,crowd
4,73959802,crowd
4,7227770,crowd
4,185576827,crowd
4,189671808,crowd
4,83808642,crowd
4,214078851,crowd
4,190044564,crowd
4,203912599,crowd
4,13587871,crowd
4,218064297,crowd
4,144590252,crowd
4,12098992,crowd
4,25185712,crowd
4,185471408,crowd
4,227981745,crowd
4,182997429,crowd
4,61238712,crowd
4,6779322,crowd
4,198894011,crowd
4,101674432,crowd
4,59738562,crowd
4,14621123,crowd
4,219462083,crowd
4,230279623,crowd
4,123283912,crowd
4,213028297,crowd
4,183783884,crowd
4,220831181,crowd
4,28045782,crowd
4,192668123,crowd
4,12394991,crowd
4,211479025,crowd
4,215293429,crowd
4,201647608,crowd
4,202684920,crowd
4,189837818,crowd
4,198733304,crowd
4,229115387,crowd
4,14105085,crowd
4,63998462,crowd
4,14607883,crowd
4,186378767,crowd
4,59475472,crowd
4,57803282,crowd
4,8403475,crowd
4,9124374,crowd
4,220768796,crowd
4,14415392,crowd
4,218470947,crowd
4,182751789,crowd
4,29493812,crowd
4,161786432,crowd
4,214146636,crowd
4,216018514,crowd
4,10596950,crowd
4,73895512,crowd
4,15298141,crowd
4,191098462,crowd
4,183423583,crowd
4,196945510,crowd
4,179364462,crowd
4,176407152,crowd
4,199012976,crowd
4,186662514,crowd
4,195203706,crowd
4,108678782,crowd
4,199842432,crowd
4,9795205,crowd
4,9246344,crowd
4,413321,crowd
4,226206347,crowd
4,226058893,crowd
4,7964302,crowd
4,198394510,crowd
4,158069392,crowd
4,13379218,crowd
4,136264352,crowd
4,7984807,crowd
4,209843887,crowd
4,224808631,crowd
4,13533889,crowd
4,186137286,crowd
4,216963792,crowd
4,164229842,crowd
4,183381715,crowd
4,60613332,crowd
4,193563349,crowd
4,209378020,crowd
4,6595301,crowd
4,214482662,crowd
4,185874155,crowd
4,228677357,crowd
4,228848370,crowd
4,173228792,crowd
4,30753532,crowd
4,119562002,crowd
4,166085402,crowd
4,13815593,crowd
4,13125423,crowd
4,6841143,crowd
4,196792121,crowd
4,105594682,crowd
4,112175942,crowd
4,106022732,crowd
4,189613918,crowd
4,11114354,crowd
4,224506741,crowd
4,93868922,crowd
4,137821062,crowd
4,233754508,crowd
4,189397906,crowd
4,91021212,crowd
4,74011552,crowd
4,201161632,crowd
4,221735839,crowd
4,226111392,crowd
4,234595237,crowd
4,6042535,crowd
4,4128698,crowd
4,130952122,crowd
4,230694847,crowd
4,232869824,crowd
4,19658701,crowd
4,121615312,crowd
4,224399317,crowd
4,214844397,crowd
4,11901946,crowd
4,111622142,crowd
4,213745765,influencer
4,197928971,crowd
4,11863051,crowd
4,184231948,crowd
4,92069902,crowd
4,183847951,crowd
4,105281552,crowd
4,205708300,crowd
4,209074193,crowd
4,201314326,crowd
4,200526872,crowd
4,221789220,crowd
4,220484652,crowd
4,210934831,crowd
4,35074102,crowd
4,24446012,crowd
4,225240127,crowd
4,10261574,crowd
4,195158087,crowd
4,185909326,crowd
4,201390176,crowd
4,227700839,crowd
4,198396008,crowd
4,211709033,crowd
4,215523433,crowd
4,12896366,crowd
4,210080880,crowd
4,212933746,crowd
4,13985911,crowd
4,205305981,crowd
4,198097027,crowd
4,207006853,crowd
4,194290824,crowd
4,192364686,crowd
4,236261522,crowd
4,19452051,crowd
4,13724820,crowd
4,219048088,crowd
4,221314205,crowd
4,212623518,crowd
4,214769824,crowd
4,214184103,crowd
4,160278702,crowd
4,76402872,crowd
4,187749564,crowd
4,192229571,crowd
4,201336011,crowd
4,216459467,crowd
4,207762638,crowd
4,202656982,crowd
4,219747546,crowd
4,213445859,crowd
4,197731563,crowd
4,230942958,crowd
4,4801776,crowd
4,233679088,crowd
4,201454843,crowd
4,185489661,crowd
4,217228541,crowd
4,195435788,crowd
4,231331086,crowd
4,54215962,crowd
4,215840029,crowd
4,222348578,crowd
4,15519011,crowd
4,6770985,crowd
4,219288875,crowd
4,185565488,crowd
4,205993266,crowd
4,203314488,crowd
4,3914044,crowd
4,222831936,crowd
4,215738689,crowd
4,231313741,crowd
4,217865556,crowd
4,32741722,crowd
4,216750436,crowd
4,206096745,crowd
4,187174255,crowd
4,213405039,crowd
4,195523953,crowd
4,207502711,crowd
4,211053955,crowd
4,3190152,crowd
4,220850569,crowd
4,55696782,crowd
4,227473810,crowd
4,229691807,crowd
4,231316897,crowd
4,217723299,crowd
4,191112612,crowd
4,128294312,crowd
4,182121902,crowd
4,87567792,crowd
4,210754994,crowd
4,224243134,crowd
